{
  "ABIRoot": {
    "kind": "Root",
    "name": "TopLevel",
    "printedName": "TopLevel",
    "children": [
      {
        "kind": "Import",
        "name": "Foundation",
        "printedName": "Foundation",
        "declKind": "Import",
        "moduleName": "UMPCore",
        "declAttributes": [
          "RawDocComment"
        ]
      },
      {
        "kind": "TypeDecl",
        "name": "CoreTest",
        "printedName": "CoreTest",
        "children": [
          {
            "kind": "Function",
            "name": "getString",
            "printedName": "getString()",
            "children": [
              {
                "kind": "TypeNominal",
                "name": "String",
                "printedName": "Swift.String",
                "usr": "s:SS"
              }
            ],
            "declKind": "Func",
            "usr": "s:7UMPCore8CoreTestC9getStringSSyFZ",
            "mangledName": "$s7UMPCore8CoreTestC9getStringSSyFZ",
            "moduleName": "UMPCore",
            "static": true,
            "declAttributes": [
              "Final",
              "AccessControl"
            ],
            "funcSelfKind": "NonMutating"
          }
        ],
        "declKind": "Class",
        "usr": "s:7UMPCore8CoreTestC",
        "mangledName": "$s7UMPCore8CoreTestC",
        "moduleName": "UMPCore",
        "declAttributes": [
          "AccessControl"
        ],
        "hasMissingDesignatedInitializers": true
      }
    ],
    "json_format_version": 8
  },
  "ConstValues": [
    {
      "filePath": "\/Users\/amber\/Projects\/amber\/ad\/mediationiosplugins\/UMPCore\/UMPCore\/Classes\/CoreTest.swift",
      "kind": "StringLiteral",
      "offset": 182,
      "length": 14,
      "value": "\"This is Core\""
    }
  ]
}